path,partition,bytes,lines,sha256
.objects,execution,4731,321,cfcf27e80a30c983193f9a8ad41c8f2b9f37c3a2286c12244d3c690a21bf3b13
GG_base.F,many_body,377221,8851,8f18741cfd55fe154e0163802082f94940677420fb2849f425eb4313c1e9bae5
HIP/makefile,parallel,396,23,d524d11e1dcdf0d09b915d018e7caaffa92e403f7f0c85c03723ca9baefb4d83
HIP/rocblas_interface.cpp,parallel,18979,344,09f363e12c3d384246effbb6ada0cbf9495ecf28d905845637e1ab039adbf2a9
HIP/rocfft_interface.cpp,parallel,9712,196,ade4bc25bb0ba7f56a6d821f4d9a8d493563f6f3448fe7a960d07e0c4ec37047
HIP/runtime_interface.cpp,parallel,476,18,545c54a75e0fc321dcab143b2b70f59ae879a3246556a99632c4232ffc645021
LDApU.F,xc,53032,1807,7ad391aaf9f5a8678667b0289946b4a35e0d93f6eac15a57a234c02b00db7ab7
Lebedev-Laikov.F,numerics,256629,6981,7a18dac1702d25bb42e5d615c30603e891a42627fe550c20ac8fc5b7f64c378f
acfdt.F,many_body,80353,2289,11326ecacca6a84130538969ac17fccba66bfd57f8fccdb7c1d9e70a58fa0168
acfdt_GG.F,many_body,76975,1920,6a8eef703ea10819a96a6e87fd8555d6b7aba2e1262ac1db289605fb8e6b6491
aedens.F,paw,23557,748,0b33de45353c6fbd6115a49b0e28ad4719f1f577a189578f27ba6ef33ff99e74
afqmc.F,localized,2274,70,68713648aac30e39311a5f7bff7ba5c447e73ec97aaeb4d81e88f082ff8420b4
afqmc_struct.F,localized,160,9,058c647558301b785113334d20646ce0236e24b2142775061ab0ff99e51e2474
asa.F,paw,52542,1504,3f9e2de25217349ada9efc7431948bc2005311e3f31e35e8599851207de5922a
auger.F,many_body,121575,2684,9f2622d5b1d29ac1c8e80c9635201be1ca4da94524238d6bbe3b8a69a7678cd5
bandgap_struct.F,electronic_solution,1354,39,b08270bd4e3953816a1d34510f0fe9b2f5e473edbdf51152428f13715a37de73
bandgap_tools.F,electronic_solution,19294,454,46a2f52ad4c9f8965c19f8cc2620ba5c2c16d9748014cedeb3d5ca9f95d02e81
base.F,foundations,21159,412,219041d8d71d13a4e8e4c25e3235cf736fa597b1080d5ee94d5f0cb392c411ef
bext.F,electrostatics,3595,136,363f8585e000262339c90f5ad156de7c3fb80b7b28122208888649c3f486de26
blas_wrappers.F,numerics,18238,692,28140e6de8622a14e909ef5eb58a471844bf02ffb5ba24735f87ba2ba24193c9
brent.F,numerics,12838,419,674798a6606e40ab65efcc10118425387669a90a49fe159e2a2350fa4ae817c6
broyden.F,electronic_solution,60457,1913,454bf2d288d7750ea048cf8e7e3697dc8e63e029a804e86283b982e32b915328
broyden.inc,electronic_solution,261,8,80fa6364873b37031ba7bfd911508a48f9d613502c3fc75516756055895f92a2
bse.F,many_body,247095,6267,8a712d4afa0c53a217639d01ee0c1ec14288f9216ef2cbbf1e63a9a13f5dd04a
bse.inc,many_body,4483,168,cd905447f918db5b9755fcd93be454b1151302fd538a029b386112de5b26a885
bse_driver.F,many_body,203274,5145,63eb5aa148cbad46bd19dfd2591a89f3ddabe72939fc6adcdfc3313f944f4415
bse_lanczos.F,many_body,30421,753,6489cf6ff791c73e2a5854988a7f4523f43f3f982e290b2254c88cacabb44034
bse_struct.F,many_body,2939,72,fd814f7c4724e5f4d0382876c9d375784eef1f5cef2a51dacafe7677aab85b82
bse_te.F,many_body,108339,2116,ac7f7eff18c76c690b193a0ff50fbdba606c215ef9c2f14b718a807acc784f87
build_info.F,execution,5524,172,e8f878bf080b92b6114e05c53222451dd81e15436f389ba7d922981977e44c8b
build_info.inc,execution,388,7,1fbb8c289061ec5e65b4b840028c9aece1cdcefc4bb90fc2d433edaa50fc450a
c2f_interface.F,plugins,6307,186,39ccf303da8cf3d4f24843ad60fa33a4d739077c17144b0a79af655f2e7fdd62
chain.F,ions,24447,748,66d582a0e2403b55d6da16bde2e14ed26cc8c8785a028b90ecec309cd28b3b25
charge.F,electrostatics,52460,1628,bfa0d5fe8ed8f8d1da1076d117ec5b3e0861418b2c1a3141bec6236637d54b39
chi.F,many_body,225273,5554,af3a52f3be5793786f6587fc3639bd37ac2a349aa420d17665c3e6d3b2c93b44
chi_GG.F,many_body,90107,1973,0fbd9747441fe136994d30fe0872beee98a645916d09bb89a678433c42682855
chi_base.F,many_body,273467,7485,3be032bf7e281ba5ce6f910fded936845f109b3dae9fabe5e522499bbdc59da7
chi_glb.F,many_body,72783,1984,6f64e68c6f1bd759379976e72324a024461b91df99452e488beff0b1455d7808
chi_super.F,many_body,110617,2441,1d1f9006b6911bc27d8ecff2fe52a84b3b70c0232f5b633786e55906fc1f8788
choleski2.F,numerics,30763,908,73df309b253007ffd7edc71dd9b5b11621604e71dda1cdd1bf263e8851609d52
cl_shift.F,response,60549,1850,c8b43e4c3f3fda986568d46a3ac3baeb0a7dcfa84c2fcca728f1a55f458d28f2
command_line.F,execution,4490,117,65631548af09fd100a44fa30908ea16c99ccebef70b4099702b32e4efd0a1d60
constant.F,foundations,2902,76,448d844526d61c0316ea2409fdc5253953c16eee68095a65c11fafd51d3beb34
constr_cell_relax.F,ions,1390,43,aeb4afd92fcf47267c1b1acc759b396fa27a36bf162f72dbab6e895204dc8a28
constrmag.F,xc,27640,888,ae4dd246ad5b3710e46a31a645eea15177fdccb616b59ebad9e442dd98c818fe
core_con_mat.F,response,16761,416,ceaa4314deb5f9c70a54d360390a23195584c3b7a187c9ed527bbb4d389d7850
core_rel.F,paw,195641,6018,3e4a1d0a51542a1d5b053af238e8d8702731a7c2eac243ee1554a8c727081b1c
coulomb_cutoff.F,electrostatics,40503,1039,9aa68aafcad393e43aa97c8ac82c8f86c84addd54b9d76532b7707ed48902fbc
coulomb_cutoff_gradients.F,electrostatics,7620,195,ad2f322bc476d3f3a78cde6002ec8cf0ec2c462408337c657c50484cee0f3640
crayhip.F,parallel,78255,2441,fe8d67ee83e66a8cb3aaf10e66ba8beb1bdcd8a3227c3821c04692c4e8664249
crpa.F,many_body,128214,3499,d49f03cf3de4d6f4c40dc61ce62c7ff15903fcff2f4e4816e1e17ad5ece04c80
david_full.F,electronic_solution,118309,3407,80bfe56828f996b137a8d59264f543f7f1511d19ff846697b0eb6ae7f0bce794
david_inner.F,electronic_solution,56638,1368,1684e3acc9f8f098b80e47c2b201641157ecaf8484beac6a1a8aeff8d2470f3c
davidson.F,electronic_solution,46072,1193,858eca25ef35f7e10981dfabcbed99f17b26b563205fc04f1801f0f8af589475
dfast.F,representation,35984,1125,66d1f67bd12cc8a3bfb958401440e24f66a9ce5c4c7b3def01bf48d62e789572
dgemmtest.F,numerics,7528,278,afacd28b9a0441d5194f54cb8d5bb360152f1980d6aeed32279c3ad496eb722a
diis.F,electronic_solution,9145,267,8e2da1c6ce8b00dfa14f3bd5001b74d3f6497267e9699933cc6370577eec24ad
dimer_heyden.F,ions,30604,697,2ff0925c8fc7238519ba295a5673fc8102f0b4ee9d0a4f57f0d07df3f3b5ac11
dipol.F,electrostatics,47221,1301,037b81dd28a32b9c05a9dac6840aa6e49446ff11dd53fb46a7f0c17a89a8d08c
dmatrix.F,response,70137,2370,b87f77c85a0d8c6fb4246c7a0158a0e28b247a0423f43771abd1b89e22d23c97
dmft.F,localized,175205,4654,8886ad4887a2690537bc3865bbb8c2ea73ce93150bfde9c219f1e1d83100d2a9
dos.F,electronic_solution,42669,1144,88be77255a90e845bd8e18582f18b3a3579527c1bd3aae1492355fb1c75c8313
dvvtrajectory.F,ions,11551,321,998c5bd8cb6805fc7e001889c6fa9c777eec53d7fda57d48c6f14ea51d69ab55
dyna.F,ions,43187,1437,53fb0f06569b2f2a4367b2dce21886b9c402e5776f83def08c6f1090a95bfa11
dynbr.F,ions,19014,582,5214e7d3856c5861ef8c42304afd8abdb39d1a90669450bb90bb25cb440dd4fb
dynconstr.F,ions,264122,6373,0470840f526ede98e624ec1d58d7e8ed4d3a431fc795dd3a521a38772463ee2f
ebs.F,electrostatics,71717,1751,37bc455cafa05b10c6cccfad299f56da3cbfd9c0b9fa509fbd164f96c6c360bd
egrad.F,response,21543,671,80b02eabcbf9652c36d23204afff214a58dea69199e9f93d48640134a66c71e5
electron.F,electronic_solution,48975,1279,5fddfdf06a7d719c66129363007dc5fc35f525afaf62f268987fc48f6f374423
electron_OEP.F,electronic_solution,49141,1369,fff412d56cb4b93669c03a5a8dbdb0accdffa086e68b24fa996d506c1e9111c7
electron_all.F,electronic_solution,40887,1044,76bcdfc699443f403526a0f061fae57cdcabf41458b1d882676396065ca66369
electron_common.F,electronic_solution,4797,127,48888fdb7130386d70675ed82b804019a1211bef8e3be1c43476fbfb62d77145
electron_lhf.F,electronic_solution,31984,886,a9989d70ca733c932bb97f7ade7cac6a1fc01035379616ebd81b97aae7492162
elf.F,electronic_solution,10695,313,e32ef50034853e7cfed22714dd735e6183dc5e7b0b4cf2bd7243fac005041275
elinear_response.F,response,66222,1785,6da7bfb8e6b15c5344e38c7ed6dfd0eb5cc7db90bb264dc5887da39a91fcf7ae
elphon.F,vibrations,217463,5359,d69c1eb322f415d7cacdcb100d6b9c6777462bf12b7ada71d18fb00f7caec103
elphon_accumulators.F,vibrations,137135,2866,f2b4d01902673c5c7af924c8860063404587c867ea40cec3e0811384cb80810f
elphon_base.F,vibrations,82237,1714,a2fd905146ddae41421c647f8ce94e77c546465ff9011f4a1b8c8123a5be5ec9
elphon_common.F,vibrations,76087,1719,1287ac76f3d27870d39d418f6f5c9ce82c01e62119cd58ea8810e317f1ffd10d
elphon_derivative.F,vibrations,40763,1068,ce360bbf26b1bed3e78be59339508dbca35bbd407d92678f7261a58abf87354d
elphon_driver.F,vibrations,27864,534,8377f0cc79bcedcc36cddfba870e452bfa2fd1dd34617c033bc411b1bf935a54
elphon_kgrid.F,vibrations,58189,1470,e40cdcdf4f8294cb3b9bebbbfbb41fe4a09abe1f5b574a22983cec49d3db2aad
elphon_mels.F,vibrations,152382,3195,3740b295f8b75b34fab70a2157403284afb4e1b509df3e3be275d653fe576c15
elphon_potential.F,vibrations,179619,4273,b2bd1e1c7b0a2cd0035feb5805525ae77e5e7836e1232189de4b28ccc23cd3bf
elphon_potential_struct.F,vibrations,10192,206,bdcc0d14f12a46ae46d450eed8615134bf0347f97becb7c76daf34e5ec91b256
elphon_selfen_ph.F,vibrations,65349,1324,b6bb9296779e4076d0e53e8924dea31ce4527aacf410d35162a6464149efd41d
elphon_triplets.F,vibrations,4906,116,d4ff22a83d0d67e2c1bd78a2769203ec23344d56f529208762de501628eb859b
elpol.F,response,58779,1906,4b1efafa9f40303675578ef041bf06fdd72af412aa53592615e79654dea6fca7
embed.F,localized,83394,2506,cf8c8929a98cbe6596920bf728a1463a7b7d5b5433e19c1fde5fb758a5ba7861
esf.F,many_body,67407,1698,565c57e013d0d3987fe23e8dee49d6e0aa76151e9c784729ef60f52732b1e3e4
esf_struct.F,many_body,2557,68,a8769bffb504b33261815377fcdb156ad118386ccc469052e6452dd94deb9ce5
extpot.F,electrostatics,2222,73,36cf31b374030321147e1294a9e272420accc1bde1848eb1e4bb27c7cae0af6c
fast_aug.F,paw,128608,4019,a3a8ed07e2ad8a7cde11f3dca5a3ae48dbc7b3750be773d1339306cc00cd119e
fcidump.F,localized,78927,1875,78e6e0376b06dcdc9338adfaf9b5402a2731085d310effcb7d00251e48c99c1b
fermi_energy.F,electronic_solution,20237,509,3cf0cc543bb7967d683182d36fdc9ba4546721a51de0edbeb6d94a3a5ed44add
fexcg.F,xc,55247,1365,591d36abec35acad39b8adcff4d89ae95ea4ce4d6665aa61c16a5ca25a71875a
fft_base.F,representation,71272,2298,d37a8ed92cd5986b57ac19e9de6df4169b168182232e039be857861aa21f2e87
fft_comm.F,representation,17435,559,329a1a24bc9e9b72ba7ed9ef5011f9723ed66eb98f9acc74160a47c95d8510c4
fft_wrappers.F,representation,4180,186,e6d6646f40286a3445d665b1ea11473fcce3fefaf9aa2159371da0fa0f48beae
fftlib/LICENSE,representation,1291,10,0161a584c94b1dc296626ef7df4e79cab6738a8afabf73711b59e1c7d2e4ffec
fftlib/README.md,representation,0,0,e3b0c44298fc1c149afbf4c8996fb92427ae41e4649b934ca495991b7852b855
fftlib/howto.txt,representation,1302,34,930f59d53b13fd3ed0e70a35e2249f28077e95e25dbc4952ddf093bbf2c1deea
fftlib/include/fftlib/fftlib.hpp,representation,2939,97,cd28ee2b2035bcb0ada638e03f9c1325ba91673178f3866b263cd2758dec5935
fftlib/include/fftlib/fftlib_configuration.hpp,representation,2524,64,33236354b828f86596ed1e9caebf3a328bacfab8f2f259ae502a7c9d62dee148
fftlib/include/fftlib/fftlib_configuration_implementation.hpp,representation,5632,139,131f163d19984969f8b6a0e09e56b7502c6edea050074c6ec65e2bb1f658bf7c
fftlib/include/fftlib/fftlib_constants.hpp,representation,590,25,eba2aca6453eee1c2f02cc74e5f7bab8e7f82afc339ac4dbbc5dbd5332ed0a16
fftlib/include/fftlib/fftlib_dynamic_lib.hpp,representation,5336,133,7e36fae56063ed2b90f9b3e92b40c96a48bf81b3580863d0ec7a8667d41aeb9a
fftlib/include/fftlib/fftlib_dynamic_lib_implementation.hpp,representation,5174,158,0748219b1f78015d7d393125e98c1b6e27f9d1f71b9fe3d80323f3de89af77b8
fftlib/include/fftlib/fftlib_dynamic_lib_implementation_fftw.hpp,representation,17167,473,9f2ce1f3f9a42e6cfb43281121bf4e70d11d57df525d21b4b3bacdd4a719a465
fftlib/include/fftlib/fftlib_ext_plan.hpp,representation,1027,57,b0c8dd7f40d51ed2e5b3a13b249929f162a4ebfe34773779671018e893c2e0de
fftlib/include/fftlib/fftlib_ext_plan_implementation.hpp,representation,331,21,8c1d433af219e090745eab06f93e550a4185fa1c7ac59580929584eb011db757
fftlib/include/fftlib/fftlib_implementation.hpp,representation,15689,424,7268b3354c8f5f1bbedaac63d61b5bfe3c12a6bb23b38462d190801778a96cd2
fftlib/include/fftlib/fftlib_macros.hpp,representation,1337,63,2fe281cd0e4099f9cd4ebcf0b09658bb8e4daa8fc36d557d456ca462aab1ea1b
fftlib/include/fftlib/fftlib_plan.hpp,representation,564,28,47f02d193e54964bf81980a223846fe0e758c6f50490f6e6e7f961203c7472ef
fftlib/include/fftlib/fftlib_plan_implementation.hpp,representation,1217,37,e7b1e23568eb083eb34c6c80e055582fcf2d71d100ebab37a27665eabcc51e1a
fftlib/include/fftlib/fftlib_reader_writer_lock.hpp,representation,616,35,b94b013f4d270e85a27b5b337edb47755fd0e3801806638504ecb26e3bf7e301
fftlib/include/fftlib/fftlib_reader_writer_lock_implementation.hpp,representation,3105,95,2369899607194afb63289d542f92f793b0eea5971568a9222379211a8e226453
fftlib/include/fftlib/fftlib_types.hpp,representation,1836,81,e2bb2ca2d42dcbc3c283f2ab51242dc9436727af02408f5df1d15c02398590a4
fftlib/makefile,representation,192,12,b4455a311a6a7b4a8bef5fce1f4521df4bc3731b9699b93199c7100b6981f8ae
fftlib/src/fftlib.cpp,representation,23187,659,67684beb15e8bf1418b57edcf84940139e2eff78d388685d4302858aec5cf8a2
ffttest.F,representation,4047,168,84ef58540d1f3ad65a7add184c79a6cd4e4495edefdc29560d39694bdff89074
fftw.F,representation,33570,1076,045cdcae86380e5803cae5bab7ab07b88b14333c6e31402ac293d49546819467
fileio.F,io,67685,2205,9107ff11ca61be508ef2bc5558745ea4deb0edd53ef905a4b7863a4483efd627
finite_diff.F,vibrations,86753,2622,cabb3f44585a0bfe2a336a0024343ae4da1ddf43d3ab105c183d3c850c8947d3
fock.F,nonlocal_interactions,215329,5729,bc521a4ca8246bfd6abc41b06251704018d31119398542d2a66ecbde70d95188
fock_ace.F,nonlocal_interactions,18062,592,f9620cc5d3e099f4697fd03a234ef9c89dd941d3e482ff4690a94fc44bf2f863
fock_dbl.F,nonlocal_interactions,51433,1589,45114c87326e4e13d1bb3b8cefabc33cb5ad276aecc99bd56df0c39adb39ac26
fock_frc.F,nonlocal_interactions,36572,1136,f9d926e35bac7bc589955850b3c31f31b2dd108c79d12a04ca72aa5f4452d75d
fock_glb.F,nonlocal_interactions,10478,294,bed12900a44fa9816480e92d56662a59e605db0436f28f913c1471878abb3f9c
fock_multipole.F,nonlocal_interactions,44818,1452,15e3b7162fe39eef0eb7029adb1b9b9c50394be413da0c4b4320fabdfec8e5db
force.F,ions,95797,2597,269e865dc3f30e71427e7e16f4a8f3c1eae16e91f7a9685f68ec1f4173e91890
gadget.inc,ions,7269,134,df4c47e86c47965bf7d7740e1f6aded5f31bf0df62264d750aabd3a57f0e96a6
gauss_quad.F,numerics,66978,2548,fe9b1ee03ac0647ddc5988e29415660133a47d6ec8f9d71c2305ed5f05c25c07
ggalib.F,xc,190853,5190,55a8c2cd8e9df062d273a616b5e5d9b9f40b4393de7af4ad085cc0d8d1d30bc1
greens_orbital.F,many_body,128176,3186,7dc3417514cb4d4e80b8c641191597a823f25f7f429283ce31f45fb151c945ba
greens_real_space.F,many_body,370057,9387,b34172fdc528310cd3f0ebe9ae906cb321f5bd45a734783a487379acea7302bc
gridq.F,representation,53091,1842,1303005218c300bab10e4e796936c121580837d392d8b8b5f7f007704deaaef8
gw_model.F,many_body,20625,595,fcc71e7cc84ee988241c47758bdf0469373b1eb6f1e7f5baa34a908a8149df9e
hamil.F,electrostatics,103116,3366,91b2d92fcac0380d0b8e99062f59b651d2dad29e44127bee8a906659579d7b22
hamil_lr.F,response,27772,799,e90c132d39173101efd5944b1467cff2a3af95fb7c5c47c6b76eb59bbe72622f
hamil_lrf.F,response,40230,1178,6f21896ca1eb50b47a54c2c52e88242ff113dd3dbf879c9db156ee77c82e7166
hamil_rot.F,electrostatics,9358,263,2fe59766ffe713650373df4cad9d4ddc826faa814c67e465248ab4f1b74db16c
hamil_struct.F,electrostatics,646,14,bb619b843b286d57d3888d39465557b438fd5c73b52be5d80a706228a73ae5d1
hills.inc,ions,1275,37,5c29e79206c7700524d8af256b08d26ca10dd8c01a2fbe2e2d1073a07580f2b5
hyperfine.F,response,29761,889,421ec65fe0f964b6c0cb9e67392f909fd3c5ab1ae0ec05fbbdaa43a667da0510
ilinear_response.F,response,49696,1258,61265baaee455463e073c7bf9ca99825167207b4d09530b0defc724bf29ef994
incar_reader.F,io,50414,1281,346b12a7e0a38c16a711bf7660b26b2de3a29dcab967e3eb85d1526d8dee59df
incar_reader.inc,io,4857,157,626a448d666aade4ee48afb0e92d5f3c21989559e1495466442271874c2f4300
ini.F,electronic_solution,33787,1074,57216284b192b95e4a8f43a400074e4a03f18df43327238412bcadc3fbcbca84
intelmkl.F,parallel,60071,1861,dc4079b41789bc1586392aa2422b2b3f19f31bd9779c79f3cbcafa72a8edd2cb
internals.F,ions,96860,1968,07d02174a8313b72c52c6acd1e7fd4b91d7697e6e185130c5fcdd86851312c73
jacobi.F,numerics,38498,1321,4265a2a6a728733726ec6df9d575a1439adf197d22d8999d366bdc1571cbf9df
k-proj.F,localized,21783,565,83d34d8d7974968ff1244a768b0ac7e1e5c5dfe02df1dde5815a2958b6c86641
lapack_wrappers.F,numerics,19575,618,54eabbbc62d995e4c00fd7f1c143224719e3a3e87a6dced5e751ae62f96ff8a2
lattice.F,geometry,7505,249,a509e202f3a7a6c02b346e95c1337352ad03919694d6b45a57502243ef057486
lattice.inc,geometry,424,15,4b872eab60afe65c809d13afe740706575a2bc6a2e0532971a721879346f608d
lattlib.F,geometry,108546,3007,8318939087b862cba16f880a8ef66351c447fc57e54b2b3a2e19d66be34eb26b
lcao_bare.F,localized,96552,2814,00d1e2e19c2b4f6dc4c94bea771a46e977913e87a28ee303481f3976bd5581c8
ldalib.F,xc,131534,3520,e551a00620814adfcbd7a7b54f50517cc1e5bcb491a191542014c8e811bc66bd
lib/crayerrf.F,numerics,223,13,ec807f668b4b64da194d562a051f245dcdf13beb9de11bd60d6adee8046d2044
lib/dclock.c,parallel,1343,38,95bb6e19b121c13c17ce2c0a45795b4c14c0d391ac95e09e82eb8f5eb60044ed
lib/dclock_.c,parallel,1580,49,3e2277d9ea57339e4a393a1793bceb9c55bb0443e10003cf0bb0164d574815d6
lib/dclock_ds20.c,parallel,1374,40,55142d395dffe662c4b1d17dc58cfd87b36e5ebeefa31e72f326e92260f0884e
lib/dclock_simple.c,parallel,428,18,207449f08a43a8b05c10942a7832032b577fb50e5672a62a1b4db0a2790ca709
lib/derrf.c,numerics,330,18,b4eab110747443548fb033f6ad95e0ba17d1bc4d5ec4e93b64bbb2dcd49c8fa8
lib/derrf_.c,numerics,305,16,f75e77d7d19561dae46fd0b2bedb116d4336c3a65ecbfca4e1ac15b64df0b0b2
lib/derrf_t3d.c,numerics,494,20,fff47a2401d555baf256ae87a28fc455bd4e2c0da280fa3340bd36a802ee1003
lib/diolib.F,io,15256,404,f895ef3ec0ccb7ad357e8a8bcbe0d1c2fc867da10fe070d55bfadeaa19b0ed58
lib/dlexlib.F,io,53193,1479,0dda2f5ec20c83f1f66f9c2622438a4e554c67e6049b8f8b04469bef6c74243c
lib/drdatab.F,io,14964,361,319f0e5d8f86d4a3384d90f73dc2298a3e1ae4d917006ad1b99a9b8a465a8e82
lib/errf.F,numerics,639,22,7865c7a4c0fe613a1cc6ee8af300646c3964ee71714d16b537fe509bcd773b50
lib/fujitsu.F,numerics,597,28,6e41624d7ed5c3151b8d4f597da621f1871c3edc276c3d048993ceb6c6c52ccf
lib/getshmem.c,parallel,6360,233,d30a8b1421481e11df997d6a8ef070480571a88162e8f003dd6c48bb89d5e037
lib/lapack_atlas.f,numerics,836485,26830,9b1143e441b1d88b41493d206f62b81c1df38cbbc648ec3a28125ba230f9e417
lib/lapack_double.f,numerics,1122307,36099,fc70c671346ad66a93a239b79e96e9444217002678d55b8114cf094294b7d3ca
lib/lapack_double_1.1.f,numerics,654167,21262,cb3f2a359b221e85b6b0ffdc530ae1a35fe821e420ab87a9c2e6315975efa7e0
lib/lapack_single.f,numerics,861081,27793,9a402476879d297bff69a9b043e21848f9740d190b3445d152eef123f0dca49a
lib/lapack_single_1.1.f,numerics,651455,21267,d975ab8c1b9cd96128ecb42f020c9945682f2b08c8c048f2c4355f2053d75f9a
lib/linpack_double.f,numerics,13206,447,75f931f71fc8692905eea769ea7a4a0e079dd48e1c1ff692ebaddb87dc659700
lib/linpack_single.f,numerics,12686,439,103b5a0cdbb818c375c502e5e32010e69ee286a9cf7327e46e67c8fc54808a5d
lib/makefile,execution,1087,48,54b5e5d2ee2c3478adb35b54d739fe24758707fea1939c594d29358b949c5a06
lib/preclib.F,foundations,263,8,26b5a1eb3852bbac0c60ab7ddb71ad4bc44612e34ee3268ec4490061663cca58
lib/ptimers.f,parallel,1853,95,7cbbdb7c9b0d5f87de298a61b89aa03d07586c43ab1f78d5b5aaf767db4582ef
lib/sclock_cray.F,parallel,336,13,11c67187edc5e7ccfed34d3df5831b3930cd708669c28c129547afcf2cdb1559
lib/sclock_nec.F,parallel,624,25,50f4d88f42f7b5d8c3e0d968328efa0c8007161eed619a74f256ad0335f5bddb
lib/sclock_t3d.F,parallel,334,13,ff2ac7759e52d4cde0f48c26b7a810117d5ceaa7a9bff946f5ede8bc27436e29
lib/serrf.c,numerics,385,18,247a792dbf6233ae5de209b3e7ed9829032e2a984601be9eda7ffca510c29449
lib/timing.c,parallel,1555,49,8e1aed1e8cd419eebed79d32fe2a25429a810da110b64d27e1255e98b351c6db
lib/timing.fujitsu.F,parallel,445,23,1130f3b77c9321e9f80e2999267c8e2e022b9600f424ff7c859ad0b1c23b6694
lib/timing_.c,parallel,1557,49,e1bed137fb495f01d80e6199e77b7b254a9153da98236a9cf35f5290455bc46a
lib/timing_ds20.c,parallel,1570,49,7437c0b77825d2636723cde82f0094854357aec43619b7d62707b5c26c4b0379
libmbd.F,nonlocal_interactions,13447,354,b012e7b7d32412efb36a16de7562021738147fc5c05bd4e9a66d1bfa85a372b4
lie.F,localized,128038,3684,3083ed3883fc2bbc7091b7151ac9ac7318379d47eaaea28a1c0e20e851ce2cd6
linear_optics.F,response,113754,3311,ec3f5ee30971b855d47f5a0bf3621ebf869de71142301403cfc87ff1e7fc6667
linear_response.F,response,76026,1961,a6ef7f61601f2f0c5608e9e166a5f5a9797a383efc7374967f0db566a8fbd6dd
linear_response_NMR.F,response,179418,4840,c05b3c3b4ac75598c4b577774dc3c91af6ff4e384dc09b72b14d57cfa19ade8b
local_field.F,many_body,246017,6178,8b7e7fb7112f9f7b0045774da6a182eab3140ecf3144d639e5af438925e73f02
locproj.F,localized,171915,4437,b0bffc116daec99648a90980e7d34b198edf54dda202822864df964ff25b2276
locproj_struct.F,localized,1974,40,33a69be73349fa795b3001d5c4713fc8fcf0143386d2510ce0fdf461aeab67a2
lr_helper.F,response,41203,1293,cbabe7df57db7a5e21d7c65911f89a25a57f616a8099f271a8fd2e1a751df102
lt_mp2.F,many_body,72614,1799,eef499a8af2d348c91c825ba31a8aedf90c702acb39b5aedde6ca0dae7968373
m_unirnk.F,numerics,39048,1401,366e90d1dd66768de4ef902bea1d5af732584710f154a505b3c97c668bb423bd
main.F,execution,265517,6445,b764bee5a01c34e3b14933e7018033af9538cfe223e44adc3f798e7fecdb167f
main_mpi.F,execution,18524,486,085b57af05d2cd07f93b2c61473637a8f324eb8a5cf4d3f91af17c83f1618e10
makedeps.awk,execution,1152,36,656c5a90d323da4b34f572cc620214222eb15c6849f193db36e4b6b7c4873181
makefile,execution,7305,281,6345b9eae74b52c735a1686e0906ec441c035d62f4e605daf5af45d4a0f1ae2e
makeparam.F,execution,36,2,537a2a07894fb088de9688d12d9a0ab3a158d98e01a71470936007fe70f064ea
mathtools.F,numerics,25440,701,11be4446735b16896831a4c621f719d85e88b8bde9c1e23f98b97dde33c14203
mbj.F,xc,27520,752,f6c2435eefbe2f282eff429cf2a10800298c6ba4c0bf4b71035031ae709212a2
mggalib.F,xc,262741,7862,95c556bad4108bf28a731041240f457d19bb12327aa52bd9d61a46883558d873
mgrid.F,representation,67643,2341,e28f0fe5b979d5175d0c8473de9806262b29e30626b6f48922eeed842219bba6
mgrid_struct.F,representation,5763,124,afb50bac406269b44b1d6ede00d58102f1b66496d68ca207554c27a98999eb0e
minimax.F,many_body,225035,5678,f95f314e4b13e095c5b8612f55a7f6dfab46a4c8e107ab42e89123192bc98e94
minimax_dependence.F,many_body,1933573,35286,2b032c0c559fc92bf3447fa7e4a5044d8716340b76fd00bfbb70ad4959426b9e
minimax_functions1D.F,many_body,29733,894,6b01b6e86892703a62ad0b58b7cceb22aa0bb6f78f5cbb2beead24d5065f7bb2
minimax_functions2D.F,many_body,37970,1292,a19712fd54b6f6489cca4670e0ec5685d67a9baa6eb82da2bb69d5bb6d98000f
minimax_ini.F,many_body,785426,10974,40fc2dd35ba5f57c1077d966aca69ef63afb18df971e71112b9a340474515eb8
minimax_struct.F,many_body,57833,1426,f1341a0b458db3e10b0061e9f193a144ec6d8fd90e46144f236f0d5ec951473f
minimax_varpro.F,many_body,49487,1545,b809d81eae6e2a3ddd5c74fdeab90e912ed223239b5d4df777e4cc307e6fc1b6
mix.F,electronic_solution,5853,191,f5a231f2da10f1b06cd9523d9582bcb51feb0613b618d1f6de14f0bfb73d4b85
mkpoints.F,geometry,137602,3341,d137b74179f0bd12a03dcfb927506b667bd209d26e335a107f9cd63ebbd235ea
mkpoints_change.F,geometry,43632,1205,a9c44f8ccc11482eb38450a6619d4633f7488d377b9c663d75d355e962de3cf3
mkpoints_full.F,geometry,92192,2567,e8148ead7534088b38c2ed737a37114bf4386d542af4241f0ecbecff530d8dc8
mkpoints_struct.F,geometry,9474,166,834a9a6719394defbe66b51886b72f0bef3d5bc2dc72da698061714a7fd0d886
ml_asa2.F,ml_fortran,17221,560,18289e656002e41dd53a9448e42e0be26002d8ef9582defddb47012202a952e4
ml_ff_abinitio.F,ml_fortran,90787,2121,f55fefba5de6912dd40a39197bc9f8755f64c2e995e83bbe00378334360adeaf
ml_ff_c2f_interface.F,ml_fortran,6323,186,e74378b4a837dbbdd957a2fbe39f9364f36ee46a361661aace3c89b23a1ae705
ml_ff_constant.F,ml_fortran,3458,81,e4fc7a5574662855d8a6c12db5353dcb286f5ab4abcca14121ac23caccfc3ed4
ml_ff_ff.F,ml_fortran,783342,16008,3ce5b99510781438b15a2f23ca164b39f770b3feffa0a3a71f42529fce3f3bb0
ml_ff_ff2.F,ml_fortran,116011,2260,9ca8e6c487ab7680ddc7c068b8975b66d14369932807ab25ef6c89cb350e0a72
ml_ff_ff3.F,ml_fortran,111935,2139,5ac2f9bedb9c756eabe3c9b3ff7be21479b5af3b9efce97b9634af0056d16cd5
ml_ff_helper.F,ml_fortran,36974,883,c73088cfe6c8fbe99a98cad81953bf2068b6ac35f2540499da58d20fee7286e0
ml_ff_iohandle.F,ml_fortran,213411,4565,375457533ae141f6bd98fe47c0cd769f102c74720e80f5ffe70d56a1d31ae169
ml_ff_logfile.F,ml_fortran,96211,1924,5915197759de7cc01dc6cc35418431c16c4557752e7b8a4d019682f6bacb5ea8
ml_ff_math.F,ml_fortran,379835,8510,7b79bc8877689ab9ebe209f4f904ae3f858005d14fff30c43f31a670ede07010
ml_ff_memory.F,ml_fortran,106120,1340,54a39c1f89beb6ba66bdea58e5815f5e4c5e12fc23e3e9533735758b3e417c5b
ml_ff_mlff.F,ml_fortran,124474,2070,f6cbf68e35c6e4a16bc4bcf9743cb8fa8dce6b5225f509acfe9c026fcdc6d737
ml_ff_mpi.F,ml_fortran,49105,1009,94b99b97a85b95b238618f8ff0f9f3d8d97450c0917b8da54f452a0d04a263f5
ml_ff_mpi_help.F,ml_fortran,10284,293,1246851a556e43259c7474da5b530796e2ab6713aaac35afcc6c481acb3a663c
ml_ff_mpi_shmem.F,ml_fortran,43155,1354,bc301b47d757b0b3575c1b46859aa392ae049325fa7e35f15daea9714d954c54
ml_ff_neighbor.F,ml_fortran,82438,2196,11f06dbea22abef35c9ff334d28581244d9b24e008618d0f315589d113aeb6c0
ml_ff_prec.F,ml_fortran,1058,27,9bc6217cc47ecd879dabb2697187cb870a42b6030e4590c6cba00fa92a0f2e37
ml_ff_string.F,ml_fortran,24913,616,5c2327272c7dd89ec6b6bdd9abb6b90ecc5a988bd5840376ca5789e5833f7d80
ml_ff_struct.F,ml_fortran,86886,1091,ba0a088bd630ce80fdbd4417a2674d54021df8d424c05c2a5beb34d14b57fd48
ml_ff_taglist.F,ml_fortran,44580,651,371faa48f9bf9bdd7bad4b1da72bfa3768e8a2d37efafc5d856c881ae3d83963
ml_ff_tutor.F,ml_fortran,22612,497,80ec286af18236daa4206f47ff8a5c5fa3146820ab55e7e55731f8e78deefb3d
ml_interface.F,ml_fortran,25567,541,31ceb214586f113dcb868247d12dbf51a469d42ea9a4af7adbbf6c321ea3b213
ml_interface_writer.F,ml_fortran,8273,181,e9ba63722904135cd36ad0685be1c21a028ebfde6ab6f401348591f927c571c4
ml_reader.F,ml_fortran,47534,1042,07e7d1e861c2eec99fb90cfe7d9816c3dccaae43f2776264bc656e863e93122f
ml_reader.inc,ml_fortran,3796,110,13ee1fb96c9a6fc3209209b193cd8b49fe9b7eef3fc6b289743665de7d3fc8b0
mlwf.F,localized,158158,4081,a7f8e9dd68c20e0bdacb4e1cbbef8d0917fa90f8ed53b69472298a253dbbd791
mp2.F,many_body,38624,969,9efb2408176cdb18181e02cd7492b3258eeb3defd0f3bb07e9abca45b2d75f3e
mpi.F,parallel,214498,6981,d1b39de97051c0aa0e891389aaccf55d57746d9ffa8bab5d15e0f5a7b4e2a088
mpi_shmem.F,parallel,37871,1251,729b6b6fb3fff32800dbeb502af2a54016f4d188583a4cf6b08016fd3e12c926
mymath.F,numerics,56083,1794,035e01d0a1e99393cf3021d0300126312ceb5386df1a6fd64e72e53da36cdccb
nl_struct.F,paw,5279,108,9d1c785beb322d2b0b3b9db6ce621b4f5b0b3708cfc68c6ec17de25e69998629
nmr.F,response,173771,4733,e6e667b0d450199740f71572262d2657b9ebaf8b89d0c5ade30519585c4581aa
nonl.F,paw,79940,2518,daa2ea41a4428be1161bcb9bd9e95e380ce13870b5c9bb37d4f6a797201cda7f
nonl_high.F,paw,4324,184,ae29bba7aa6ab400fa542e8367e5a7dadffa160447b7414baba725ac5396f7bc
nonlr.F,paw,226088,6989,00e9863f7b9c82603aacd340e7e73c7fbfb1977f68f16d4ee015cfa0295eb8d2
npt_dynamics.F,ions,68828,2009,2c0199402da155eedf698dc7407e4bd404d16f661ca4f2cdf5a9996e5cc7d0dc
nvcuda.F,parallel,230307,6116,0024dce4499559550b2ea5d4eb4d55f95edf0c1b86e4748dcd6cc2c6c153d077
offload.F,parallel,5345,181,ad2086f22629d553f8b1fa3fc1be33a27cefed971d5678005189e335aaaca667
offload_struct.F,parallel,634,19,137c097d7ef1af883c5b957e479b29a9fa46a248e08f8dcfcad7cb6722091808
oneapi/makefile,parallel,390,22,2a880e5c2edd6d3d35e4eb505c206821be75d998b5b30520374d9f076a79e662
oneapi/ze_device_get_uuid.cpp,parallel,3031,78,bbc86511065707f22d1afa9c862173fc2efd9add675f5d3d7f7adef0a7b63ecc
openacc.F,parallel,56754,1741,421f19b093788a4677d64c72699c5ded252d47b5991eff930722c2d303f304cb
openacc_struct.F,parallel,759,27,f971b36dca33db5838a970119f3ce15f0a487b91db55a034aa74a8837863e40a
openmp.F,parallel,78945,2181,4c41abc217980d7a4311e5fcd61704fc4527400aaa38acaf82d0ad22ce8a4627
openmp_struct.F,parallel,1704,45,eeae43082128bd42d3ca81849a0e1821a250d7fb05e1582d14f0044f11b995a1
opergrid.F,representation,3323,139,c7bbf9a439c53a47ee7ab99b7b654ee276a91b7dc84c50d21811fbca271c74d4
optics.F,response,26570,734,b996789a34c79021e53778e1d399b1b38bee035f68c87e2ff465aa32034ca4e2
optreal.F,paw,66439,1990,12c50874fd0115399aeb4c4d3845e49ec9bcb057b3567d16aaf8414ea880ed17
pade_fit.F,many_body,111902,3045,92946fe8950909da167c924663051ee71a845556d962336b35afa6b465cf94e0
paircorrection.F,ions,24669,769,3a40a9d03ab691cc5a166690c152aa199494309bbe40e2f8fb5e73290a959e41
param.inc,execution,743,19,44ff60da16a3209575465356db1042e4bde5baa7ac214612d09c16250d533996
pardens.F,electronic_solution,52155,1488,76d47fe3da0e74cd5563eb05f6029dbac3c8462b9edb4a41693445c56bc797ff
parsD3.inc,nonlocal_interactions,2634570,35628,842bc27605588141f7c2bed6d190f0d91e608e1324f1b3fbe1630a7839df2c81
parser/basis.cpp,localized,1900,78,3faf854a88ef145d3e648d96a19d22898db76328179f7f2081b1b173433cbefa
parser/basis.hpp,localized,695,49,4378db700a7fdf527a6d3b481f266b1d16d4df39fb21a6ddffc0cccc5120db0c
parser/call_from_fortran.F90,localized,2583,120,fa8b707c45c847a3a9bb87cbd0fd7a92fd27d41bd93440d29dd12c80c3aad998
parser/functions.cpp,localized,4449,114,908bfe7938423e6a1cafa77c6c367ccfc446ab8b7a126568b94da25b80903012
parser/functions.hpp,localized,348,19,615ef0552ad90ff76613631f5472ac767b0ba67d438bf463dd76f9893e48b25d
parser/lex.yy.c,localized,47735,1886,b8c3d48cce6e17f1698b5b1ab030fcd279a42c6923fff8790eae3a5f1dc2f54a
parser/locproj.l,localized,1348,44,7438566b315e1aa9f0fadee74bf4d621864e230907c137990f66dc76b430598a
parser/locproj.tab.c,localized,58015,1864,73db04b011fb2219c4dfd7c804ce8989138a7a53b105d950cdc61d3a161d9def
parser/locproj.tab.h,localized,2693,98,0320c728cb8d459e477a2e0122536f1faa1f2b36f8f6453389d6d66d2f8c1734
parser/locproj.y,localized,5908,207,65f545d380089a159a5a513555de01db8f7c9b80fe01e08eb701fd248aba548d
parser/makefile,localized,830,37,07a87c9ad4bc8a2f762758f74f8acabbe4f64822de05a137556f1887114c1ceb
parser/radial.cpp,localized,24,3,ee65d5331292af98a11e73baea41a217b4956585b44eeaef9ce81689670cca1d
parser/radial.hpp,localized,484,24,edeef71259f0881ee9c3592c61e485afad5f71a438977163a58ea67e3ef86d01
parser/sites.cpp,localized,592,26,ed7dba5580496978bdb3ecf6587847bf8eda9a3507d2e6e2d3d0ef7289fb1afc
parser/sites.hpp,localized,475,25,292a96aa0e5407d0bdaa25cfcbb0668b99c81526275bc4d12a7015d9cb2dc1df
parser/yywrap.c,localized,161,11,924ca075ebf1d1b2c4859c9c0f72271ed32bdacb9c329b8a5322273667c43787
paw.F,paw,77866,2143,b98bd7a28df18ec75c01232426a8779f6ba8f107467192696bec0fb5e71581ab
paw_base.F,paw,56992,1996,56c53b83d56c230b95db611281a3775e2eeffce9dd0fbfbd4156f8cc630885cb
pawfock.F,nonlocal_interactions,43381,1356,fff0a184ac490d3215508b4d37cb4d8290cb3d03278258f1ac27dd7c80004242
pawlhf.F,nonlocal_interactions,72175,2028,2677b28b071b904b2d78f9b720309d8f151be9bfee887c2996910f7ded2ee71c
pawsym.F,paw,19908,519,41ea2537d902be576d1b29d76e42a67e0137e674fadffaeafef6b451655647ae
pead.F,response,186766,5691,9e2d49e13867b1b48da1adfce323d03cdd6831ecfd63c539196324208ebe9225
phonon.F,vibrations,72123,1846,0da231967ce1e65fd4aaacbde00c2d55991e2d4b9aed85dcf8f0600e88782933
plugins/.gitlab-ci.yml,plugins,420,15,d6fe12614dee103bd2d2cc135d28adbcb166157373add742a66fe3e835faf452
plugins/README.md,plugins,3784,52,0b33bd5ec41fa8d50c8b856a84a32dcd2931e21e7028ecebcc99b9eda78f294d
plugins/interface_cpp.cpp,plugins,11193,310,568f249e8fb93b4d9e953691e2268a313b608602707e9fe51c80597d9a4410cd
plugins/interface_cpp.h,plugins,3881,127,13e26f5c9e66ea32f42bcfee798a54a8ddef96cf628c5809959f495d8ef4cf3b
plugins/interface_fortran.F,plugins,6078,160,22d5269e349b9cc1587c667f226c685f008514a37edaf19373200a261b8f87cd
plugins/make-release.mk,plugins,237,14,a795d5d647bf4a0b4a8105be60e1e77b885988edc352e71ebdbbc03c84db7449
plugins/makefile,plugins,412,24,763b5229ef09839ba6dbc4dca705167e4fb0557d03677335351fc3048e49edf9
plugins/pdm.lock,plugins,47941,544,106b6f7ffaaff088557a1c67c2aec746081ed29f33e300479cf860d3f97a53d6
plugins/pyproject.toml,plugins,464,26,9fa8064877bac13f91e13811cf17076427b9fc5bceb2def9b7f2b1fe74f4a13f
plugins/src/vasp/__init__.py,plugins,310,8,caeda06bab2d3c0227ab2b864b79cbbd6d6f816f2df2b5c66371aecf6888e492
plugins/src/vasp/_adjust_dataclass.py,plugins,1403,40,d56f83bfee7247b44d6a62d9bd1d58d8b3cfe3faf7cf3871fe9410432716074c
plugins/src/vasp/_apply_interface.py,plugins,468,16,b1a18d25b070d670ee0d1104837c79f23b2a32bea9acb2092935b9ef517e041a
plugins/src/vasp/_entry_points.py,plugins,845,25,2c986c66c0c3fd1b0a6097e2a6460c867b2dd37f1ab49d53b73c00b6d09d0585
plugins/src/vasp/_force_and_stress.py,plugins,1008,42,2f3c71cdc7cc4cf6c3f972cc9e5f117490e24075cc48890006724c0bc004837f
plugins/src/vasp/_local_potential.py,plugins,1066,41,41b708a930775d89b858ce620599ee4796823331bafac02f1696347a41c2f771
plugins/src/vasp/_machine_learning.py,plugins,2212,68,e78b14908c56ab8e9ad8557bf9cfcbf3a8a01bc7db11360e23e0cee70146959a
plugins/src/vasp/_occupations.py,plugins,720,38,57c4c9f23346d79142203270f0b74ef491a3a56fc418c0ecc5e203c768023dfe
plugins/src/vasp/_structure.py,plugins,852,34,d442a106ada5cd5467a85e85e4d9c6ad9f077dd98d9651da488a53c79501dd1a
plugins/src/vasp/typing.py,plugins,292,12,2d83e9587a4ac555efff63ba8b3752d5c3681084cb2881b8f196fd6fb42b9d35
plugins/tests/__init__.py,plugins,0,0,e3b0c44298fc1c149afbf4c8996fb92427ae41e4649b934ca495991b7852b855
plugins/tests/conftest.py,plugins,167,8,de50b5a1a781d9587fe3b8e4930ca1b2ef0e8cbee745f7ed0c86db262e9f1690
plugins/tests/test_entry_points.py,plugins,993,29,e270dade2338ad50cf83fdcf529bdb4b3eee8b22e0c468d9a3179935d14c6314
plugins/tests/test_interfaces.py,plugins,7966,231,b828b50a7d0debdf0e73dbf22c740ffc7b32241bb77707f263e529eae21ec134
plugins/tests/test_version.py,plugins,578,15,92de911d79ec989822cd939f954c8fbcb6a0b5aba3c3148973652c7c5c7bef57
plugins.F,plugins,40969,928,ad95d845f706c590a7b2cd94ce6fba4f0d5c5e40c5e9481b8cf43f699e3f3c7a
pm.inc,parallel,1057,29,307a14bcb87538a9abbde0449547c61293178ead56ee2765734b90793de399a6
poscar.F,io,70973,2091,9db17fbf956d8e6f03e32010723f842f46f49c4856d64834fbc0c84a7af9be78
poscar_struct.F,io,5267,102,759f59c94f0411cdae0d53f2759367cc126878bf433aaf25e0c8b05793eaabf3
pot.F,electrostatics,76339,2039,cb9f401978577cb308191fa8bd4be760d9f662a9fb70a36b145f490a278825ba
pot_electrostat.F,electrostatics,34752,815,8a4274e2bc04e16987abcef4cb3ca4805bbd50eb6e1adb85a9d25db8e9645c53
pot_struct.F,electrostatics,1864,31,1c6a06baea1ee79231122e228aec15b5130989cc3efa60899d80590da5a81add
profiling.F,execution,42548,1198,ee83ce5e129addbaa72ebce038ae34bcf4ddf3d3deb68c0ba8c66b5b3594f4c8
pseudo.F,paw,50822,1532,2063e8f134d09de52500dc54ceed194b5c7ad832bb5adb6b7f59b395b7852f8c
pseudo_struct.F,paw,9405,136,ab180dbe916f125740667243a693f0d3d9bccc720307633550aa410ee6ebe58c
pwlhf.F,nonlocal_interactions,67138,1849,1d869327b1f24051d88122e99565b42a696af9620396c65bf889bcb2dec47faf
radial.F,paw,129001,3903,25a85387134654c80ade7f781a47025c25dd480428e74d38e5dcb6bdcd648561
radial_struct.F,paw,1751,34,8490c94e4b0cfb8fc1adab61b2c7a3a7954230fe3e017afd5ae76940f2d868e2
random.F,ions,21734,521,8f241642d77f71025e898c7c8b284f9568e8690e5c7ebed06a9150be72142f1f
ratpol.F,numerics,13081,461,161dbe7de3cdd2c0c63af8158f125d1a5ce0e0c603b4c6ab8ba5c9dc08298030
reader.F,io,44532,1150,96874bb228e18027a51ec57fa156e259c2df6d2727468b751b6147a80ab69756
reader_base.F,io,5672,156,e6ce7df7fef2ab29343e59c1c73dde9d72af1abe2dffc5950e0654d27c6a03aa
reader_base.inc,io,963,31,949d9c7b53bc89b05c75c0044d3c949d42ecef6f2024a2d2c597a27ddef6fbad
relativistic.F,paw,19260,612,e09b34ca0e713db6ad83b9bd34075ce4973a397aa4a6ede561ec166c0c6b4fa0
rhfatm.F,paw,160208,5092,e3fa33a0a4d70d914aa6f2072a30e6aacbcb58eeebf0c85f8fb6199869bdcc0f
rmm-diis.F,electronic_solution,34136,920,498609853ee82e3b4305f198c4075e1735adc99115c309bc5d7021f73a1382cb
rmm-diis_lr.F,response,27021,778,bcd5866084fac92f34db3658bb424de74562be30615105e4300da474d4fe8e1a
rmm-diis_mlr.F,response,37894,1073,a0399ab1d94eed7036deb2b19c6fe1d68cb33609d497ef6eabd4c944b736a25e
rnd_orb_mp2.F,many_body,67584,1702,b773e70c459d8e867075374a0d74cd892b4757bf35d68d3c52845a584e0332bd
root_find.F,numerics,7356,223,8bbb11d70e4970080f6bedab51e993f00a065596dfcebc0025bad9444bab974f
rot.F,geometry,127270,3398,c50cfcce7c43ca725e3203381137f07d7fcc0abf92da40527690a7c5f6a88181
rpa_force.F,many_body,63023,1646,eceaa8fdd2cff11201235883b5a46ac992e0557de3d3650e3a7a70ddf319d230
rpa_high.F,many_body,20390,551,e45afd89167a4a066b6b36395c907e931f4af05bce8301ea26e83d75236de370
rpax.F,many_body,125407,3207,f7b3b4ad213c2ab34ac2008bdd6aa983d6566f075f3ab107f83831cd425cc24c
scala.F,numerics,248080,7381,faa968182a5010f1d2410a876e97b6dffeda7a8bcd69459061efb6f5ce7fb940
scala_struct.F,numerics,1112,28,e7c8ccf66efa607bc155cc94389b4ded0d9e23f43d1c5249ae792935b521dc46
scalapack_wrappers.F,numerics,20898,719,3bdaef4da2ea437783c590fa7aced803d7f9f18b5ec3835848a232af1b63d80a
scpc.F,electrostatics,51687,1528,e91ced9bb6001dbaf3b4fe21eb4fbefbf631737532f529e4cb59ff481257a3d3
screened_2e.F,many_body,179774,4532,516b646adebed905ccbf814c1529170086895cda56875887ccbbd637b77fc879
setex.F,xc,65955,1814,455c27b2c875abdfc4795b3fabcd635ab2de28903c4950fa8c363ffe2685b00c
setex_struct.F,xc,12630,219,e7fec7590a71e4273d114aed249bef91b60d08e556b698d6e83dc89baf1b2666
setlocalpp.F,paw,20567,767,db71c82de7f07d47a39a77f98ef23db942cccfac3a8825da0c2d4319cb8b9361
shm.F,parallel,3411,126,ff17e9448dda39a9e213812d2364af4a4eb282cf81063fb63385f3a09b326afe
simd.F,parallel,1277,46,c2bc96ab25c9b3a8d7ee6f7d0fa540ed6d881bbbf67fdda1eed20e29d9f31296
simd.inc,parallel,1734,58,7a2c5a213ccb0a0342108327ec96980376db304c7bf5b286f9e13cbc51711525
smart_allocate.F,foundations,1238,61,00a0f93f1edd55ceedb705b357bdbb9209495f33c0fffade1f9bf7ff347264f1
solvation.F,electrostatics,3392,121,6ddaf94ca6ab629bd0e4d5fe42073add88df82f0f69f2549b84d4a018aa684a2
sphpro.F,localized,76210,2280,4704d57b164fa5e41f8047ad8d8e400a265d2a75bcd22a87dc01a83901e10978
spinsym.F,geometry,14205,435,e57376aaef5f11473b89afc915e3c7b50c813cb7205ec16de8fb75878b602853
steep.F,electronic_solution,19191,534,e4293f5b3b63bc30a0a45d188ec27c374a2ebf1f8ce67a168860ca8118761b63
stepver.F,ions,8244,234,b62fa8ed7dcbc8b8a933e748a1130f95e0b834eb7fcda4a8c7c4a3f704bf6f5d
stm.F,electronic_solution,16946,528,9984966b6ce07652c0cabc242203dd7955f4f6c62718db54f6d5a3efef1b59e0
stockholder.F,localized,146095,4633,35769b68876a59e885b76fabe80327ea1d4e0cea2dd4498399cf24679d7d1062
string.F,foundations,26101,642,c312c6f89e2362a4775f4bcb97f23762dd17b01a9a11e0d00041a12888bf64b7
stufak.F,geometry,4811,166,d64c259ed67f91376fda05df7ac76c81aa3205f09ef1073dd9a39a87f98dd41b
subdftd3.F,nonlocal_interactions,156853,4145,d9cdc8b59b27a8db92f51dd317da62356220587c82b696b5ad9722d160188a66
subdftd4.F,nonlocal_interactions,12127,298,3360185be0a62b8b7ddd9b31afb0f79e560f5101496f65392e3b0398c4e501fb
subrot.F,electronic_solution,70153,2050,bb2d23ae9630a2a20ec5df5a3a1a67b8ae4971471b2ddb31cd7126cdc95e4cc1
subrot_cluster.F,electronic_solution,20584,638,57e35570ab284e053373655482eac6583442e1c7943646537f719c74b56185cf
subrot_lr.F,response,36028,1048,a4bdd0ff4be6a7f7ae131552e67d106aa26b1aaa6fd4305a261b9b104a16a655
subrot_scf.F,electronic_solution,24203,699,3d64b36d5a25c8244d60fc44297fdfe5081e7657702cc080c807a0133697b8fd
supercell.F,geometry,47747,1111,cea56e6015d9aace7d2084699f59b5fc97ba42d40057fc47a51d17afface887b
sydmat.F,vibrations,44163,993,45242fd2a1aaf7d930a05dafc439b32385ce63d72be06d3930ad29807e28c493
sym_grad.F,geometry,21887,550,43874a1c172c909b7c41a0870fc527012d19194845fd26b78a0c58873470dbe4
symbol.inc,execution,21237,814,0b59997fd568fb946484ffc6ab4bd048d63e408c53a4afd05a0bf7d0659eb845
symlib.F,geometry,148007,3761,d53ca219a35ec31ce4621a7f59a6d9ed8cb312173777e9c7c1917936587c6c40
symmetry.F,geometry,201067,5243,3123bac1c0231de550c3a8d2afef88d71ba1bcf525db6cd9292460672100344f
tau_mu.F,electrostatics,29354,924,c4d23d2d86be773f92243ab590e7373023874f92d10010cb31db22bde557cf3d
tet.F,electronic_solution,80042,2115,de7d82c6a25256ea833210771faecf2b082daa3d29eda905e941ad17835a0a90
time_propagation.F,many_body,78409,2060,f5489693b729fb91deabd10f2e719e7395fdcaf14ef504f4b8f4b618350829bf
transport.F,vibrations,103237,2099,ba43511c866662692360ddb57a654fab0175e6400e7f33139a149e1821ac0e7d
tutor.F,execution,79448,1371,356df79524fa6c24e9e24cf8b439326842942f26e92e9881fa743b9b4dafe08f
twoelectron4o.F,localized,51117,1480,c2ad5ce02558cfa145e14caf51e09f1db3cf76f938f720f45e6fd8844820821f
umco.F,localized,35999,1174,b06402f9ee5ffc548ed0907a33856b85354b3c430bafa27715ad17d9344ca813
ump2.F,many_body,91728,1908,2b6f8594bab6fc255b779773e8c0a32d22840957ae16a1ddce8ef0cc83929b4e
ump2kpar.F,many_body,44793,1127,6e91b919b6e27bffb5c566127fc81940c3d2fd1d5a264fe53fd3e6a0cafee88f
ump2no.F,many_body,76585,1701,c3121f043b19e07b061198dbbfe326b7cebc024f94a19f690222e0ad6d065a58
us.F,paw,123487,3829,7394e1f2270cd1398c03e81f204c7d65742bcc48ff96aec4cc3abcb3f7e6c393
vasp.cfg,execution,106247,2427,36fdfca9df8d2847322f82c4283147ea14b07e162e1a7435fad3b4bcf57c8fce
vaspml/.clang-format,ml_cpp,7847,284,79ec6672a7c6744e99f903fe90dc10ce5bdb8e662108c01d736c73bc6bfed005
vaspml/CMakeLists.txt,ml_cpp,4189,133,7816e76d078795a431ac12f8a9684397cc74b9329ded2ad57250d60bef7116e1
vaspml/arch/makefile.include.gnu,ml_cpp,1330,56,443b362265689dbaa2267dfdeda9ac0c970890567a183037e02fbae6861f53c4
vaspml/arch/makefile.include.intel,ml_cpp,1127,54,8dbd22c0f1616cecaafa1aa0064bbc288771d221036f1c592f71f714d1e8b8a0
vaspml/arch/makefile.include.nec_aurora,ml_cpp,1226,55,b2f4dc016c25474a0e9b6cce770d0cb80aafb6854c68504a3126ee5495949f3f
vaspml/arch/makefile.include.nvhpc,ml_cpp,1173,54,22a66c1d482e1deae153f322d751452b0fdd537a4c56a7ba5fbb5073b0cb7b07
vaspml/arch/makefile.include.vasp,ml_cpp,1407,53,26b1806e9461b67cc0958299abd8fb6846766143a9db4ace0b8ee10b5af6f7e9
vaspml/bin/.gitignore,ml_cpp,0,0,e3b0c44298fc1c149afbf4c8996fb92427ae41e4649b934ca495991b7852b855
vaspml/build/.gitignore,ml_cpp,0,0,e3b0c44298fc1c149afbf4c8996fb92427ae41e4649b934ca495991b7852b855
vaspml/doc/Doxyfile,ml_cpp,122818,2739,968439ca03bf69727e7b0f35593640c3a8b2fc123dc4173679192ff19bd8b9d8
vaspml/doc/header.html,ml_cpp,2801,78,220316287c49166a7e44264ff4318993efac47d87f2f4b2c4862df55337da53a
vaspml/doc/makefile,ml_cpp,2417,79,aa81e96e8e28ef5fcf69632e4371137570bb77c411bb908dd9a97226a870c56b
vaspml/include/.gitignore,ml_cpp,0,0,e3b0c44298fc1c149afbf4c8996fb92427ae41e4649b934ca495991b7852b855
vaspml/lib/.gitignore,ml_cpp,0,0,e3b0c44298fc1c149afbf4c8996fb92427ae41e4649b934ca495991b7852b855
vaspml/makefile,ml_cpp,2363,73,ff870f86b437e22056cc92e7c91039ce72933c45a219022cbc1472bf86c2ec4b
vaspml/res/makefile.common,ml_cpp,548,15,bb7857dac7265b56a5ab8d8fa9df101dd27cfd3ec129ae6f80956226ab511e03
vaspml/src/applications/makefile,ml_cpp,2314,76,68af7469e352e3b9fc6ea4f5273e15e518f956e7df1030867e7d76552b0424d2
vaspml/src/applications/mlab2json.cpp,ml_cpp,585,29,b31998e27cd5995c88cef07d5c7194ca6d8f3e0a7b3d5231dfcd726c1fc62e5f
vaspml/src/applications/test_MultiType.cpp,ml_cpp,9338,161,b2fa8015204884ca67b0a1f26f94510587d72f5a819fa16048c8c82fba8eb4a1
vaspml/src/applications/test_cublas.cpp,ml_cpp,13669,465,88b97759f511733e4c0ec87d0d831b707bf2a4bcf4adf27690e3f2a5c1acbe81
vaspml/src/applications/test_linalg.cpp,ml_cpp,7075,319,065aaa150bca50fecd3c015726de4f66b57041a9bf39051f97dc6e9a754f63f2
vaspml/src/applications/test_linalg2.cpp,ml_cpp,4360,178,9d74fcbe6d0e0bc59989fbb40ae03dca7fd1ebb66f401e61b8a9781419979f63
vaspml/src/applications/test_mpiSHMEM.cpp,ml_cpp,6694,252,f214cb100057a9d6081e6aa58188533ffd39cb7bfb3a6992608e4ac8b20e996a
vaspml/src/applications/test_predict_mpi.cpp,ml_cpp,4773,132,2662ecd4b9ba789b85da25e95aead8c5d7f4ced1bf854932ca9704e6fbe76580
vaspml/src/applications/test_scalapack.cpp,ml_cpp,4398,147,eb3021822d897b95686859814021a623fcbec6335b4562e37f974626aa2be582
vaspml/src/applications/vaspml-predict.cpp,ml_cpp,4577,122,7858cdc2e92114a33b50d1e1f2e1fed9fcce497680e9fb9014795889b7b41004
vaspml/src/applications/vaspml-predict_nvidia.cpp,ml_cpp,8136,185,be6de8c8fe20fa04550081d2405a75b37cf8607fec5ef327f2b1c557037cffd6
vaspml/src/benchmarks/linalg.cpp,ml_cpp,1712,75,1f363a1a79f4b44bce7e2ff6b55f1d1e3af8ea50c95cfc8eb1b0b072358f494b
vaspml/src/benchmarks/makefile,ml_cpp,1789,58,5f6795928d259b77a76f389828a693a1cb90856cae516742ee7c63c1a7bbcb0f
vaspml/src/libvaspml/ArrayResizing.cpp,ml_cpp,500,25,c7ef6a8a030abea433ce180898fd908327adc6aa478507015b1cb99afa63784e
vaspml/src/libvaspml/ArrayResizing.hpp,ml_cpp,10146,280,792c84c631e3a2e22d5d21693eb43369f94134fcb0c8b291fe79227b97a6795b
vaspml/src/libvaspml/BasisFunctions.cpp,ml_cpp,11864,395,c69ccc25f53953d6301277abf3d492c3f8930c4b9d1446987b652d723f934104
vaspml/src/libvaspml/BasisFunctions.hpp,ml_cpp,10238,211,ff22cbf8d4318201a1dc03dd1fa8b5255a6954c4908bec67ddef145d66f7c60e
vaspml/src/libvaspml/BasisFunctionsAngular.cpp,ml_cpp,3232,99,6460c832cb06895dc9ac036d8a9ba368f5c35d0e8b68512b9474616b1ee5d665
vaspml/src/libvaspml/BasisFunctionsAngular.hpp,ml_cpp,2438,70,e5add70142d5771e2894ddfc94daa3405b0ea5c01261365507a50c415d8c8db1
vaspml/src/libvaspml/BasisFunctionsRadialSpline.cpp,ml_cpp,17221,538,cb51792479e323d7f323b5388548bb031de557b8a38bfb862ab29684bbe5e43a
vaspml/src/libvaspml/BasisFunctionsRadialSpline.hpp,ml_cpp,16319,337,91ef255b803a27abc87f7e8ed7156415adc15dd83a37b04a64d86b2c0bb1e8f5
vaspml/src/libvaspml/Descriptor.cpp,ml_cpp,7290,216,a938794bed39379f1d850c969804d8d1e65c783b2f190f1cb525dfcdb74d5659
vaspml/src/libvaspml/Descriptor.hpp,ml_cpp,7326,164,df90283f7a19374f573a41cd87c80f86cbf7f1786cfa20ab7993d33f0d9b30b4
vaspml/src/libvaspml/DescriptorCollector.cpp,ml_cpp,20880,512,5d9b2cc9b3dcc0ae9c1517c1f0c7dafb1fea8dacbc53dd66c0785a93a2825929
vaspml/src/libvaspml/DescriptorCollector.hpp,ml_cpp,9258,222,589cb4d0a50cb5105628bba64e09c57764b7887954b5cb1db7a243b1a8919fda
vaspml/src/libvaspml/DescriptorSHS2.cpp,ml_cpp,50528,1168,4d635f2212ae3576a8f24fe8aecafe6c1952dae07ea66078b402a6c27eb5003c
vaspml/src/libvaspml/DescriptorSHS2.hpp,ml_cpp,29962,521,83914936ce158f329bec54a07988655a16e46730fa5e5346732e3aa55de03829
vaspml/src/libvaspml/DescriptorSHS3.cpp,ml_cpp,23821,523,a8e38ff4fd7d42653ee8ec80bc8e1c5905236666455d0f073b2b143bbf9bb392
vaspml/src/libvaspml/DescriptorSHS3.hpp,ml_cpp,25853,510,a1fd2af074a3dce989fff0a1925d2195b1f6419d7f3cb814e7e7c53aef397af3
vaspml/src/libvaspml/DescriptorSHS3ReducedLinElem.cpp,ml_cpp,28237,631,d0b65cd1c5365eabdd08d49ef6eae423bf10cea420b366e934cf42136d9b9250
vaspml/src/libvaspml/DescriptorSHS3ReducedLinElem.hpp,ml_cpp,33580,618,812ae2c3ac98d4228f3ea2fef139c90f8dd873742b3d779e8bd8cbe287a696df
vaspml/src/libvaspml/Frame.cpp,ml_cpp,13923,324,d9c573b27f5b0b53b5812ea84337526d0e983e859bcfa4b286c1f0b12ec66f92
vaspml/src/libvaspml/Frame.hpp,ml_cpp,8876,167,7563b91fb8c744b258579a0f28d4f971270f2888b0851c4429a15e414ff7ccbb
vaspml/src/libvaspml/InterfaceLAMMPS.cpp,ml_cpp,24728,535,2651e1adf01d95155c21c62306eb305dd6f9a7a676ea29e25a82d1ac1ba2aa37
vaspml/src/libvaspml/InterfaceLAMMPS.hpp,ml_cpp,5912,108,72bd63923bd8c2c4c825ed0ceffe186d3a2de3b0ee6b388ee20de6f64f928042
vaspml/src/libvaspml/InterfaceVASP.cpp,ml_cpp,12285,297,209c5a81f91a74e3821d3f737fe897a55e900e9597b8ff78d77ab31d67cc00d9
vaspml/src/libvaspml/InterfaceVASP.hpp,ml_cpp,16087,278,31d620ed2fd5264a91545be17da0553922dfe9a4cb4ee74bfd36aeba2334695b
vaspml/src/libvaspml/IoHandlerML_FF.cpp,ml_cpp,35157,830,af06c7acf25e85a89a965cb3282625fadfd0edea0bc3dbf35195b73a47fe48a2
vaspml/src/libvaspml/IoHandlerML_FF.hpp,ml_cpp,9625,241,419f0bada3144bcbe3e67abc32920e4e7a0c4b5da4f724564d39732a94d5b6a6
vaspml/src/libvaspml/Kernel.cpp,ml_cpp,11666,315,210bddc170ebd8b896971ea7240fce893f22f70f1dcab434357cd2e739ddad8c
vaspml/src/libvaspml/Kernel.hpp,ml_cpp,16391,276,eb5a87fde4856d47cd751c46022b952945d57f7dc11f97645a61b16bfaa65465
vaspml/src/libvaspml/KernelPolynomial.cpp,ml_cpp,11798,277,161f5f8f28e5226a2a1effad9204a2ba0c0d482d23e218be954ee5602e94cf89
vaspml/src/libvaspml/KernelPolynomial.hpp,ml_cpp,10789,187,a4d46a252391c28518a87fe46047525c72e92b1dc5d657d44f533266dc6df6d5
vaspml/src/libvaspml/Lattice.cpp,ml_cpp,4396,170,758050771bd7b111d4bae3bffaea623f08d0a8f2aeba0c01689581897abc2f13
vaspml/src/libvaspml/Lattice.hpp,ml_cpp,10461,215,1273c7161a328f3137c0c1f6514ef521c4c1fa009d3b61e57fc0d71ecd0ac971
vaspml/src/libvaspml/Linalg.hpp,ml_cpp,26156,701,dc53a24bdebbd24492edc5894b25b776766688c77759be306c53af76a50f6242
vaspml/src/libvaspml/Matrix.hpp,ml_cpp,1860,90,d4bd9a7656c400e0f2c17e6dc36ca0b34d12dc6a5505365abec835ba515280b6
vaspml/src/libvaspml/MlMPI.cpp,ml_cpp,7336,288,38df66e39c0e068cb746a7c50e178ac4841b76eff940fa02942703bbd8b401a7
vaspml/src/libvaspml/MlMPI.hpp,ml_cpp,39035,1133,65e2eff961cc78b676c23e65260fe49f3c66c13c7ea5923909386f4cc377f55e
vaspml/src/libvaspml/ParallelEnvironemt.hpp,ml_cpp,1123,50,4f0237ebec1a73825fb3842f3567c4b38b9f05035a8771edee77ae46cac6eecb
vaspml/src/libvaspml/Predictor.cpp,ml_cpp,53438,1312,64524e1bdccfb79a718c2799c2f74f21270212688bf1bc185eb4faa8fa61bb50
vaspml/src/libvaspml/Predictor.hpp,ml_cpp,50033,863,837082e290f639fc97fcafea43519de0df7de051cb0d5d0819341306168a4d3b
vaspml/src/libvaspml/Record.cpp,ml_cpp,11646,321,0906f90c6112b1d5d15be6d76eec88a2b560b4a739bbfaf2f040f1afc0d3b63c
vaspml/src/libvaspml/Record.hpp,ml_cpp,18819,456,56bbff4e5c586427d8ca7f1fe8f4dd034434082372ee4fdffc3136c2e4451af2
vaspml/src/libvaspml/ScaLapack.cpp,ml_cpp,4664,140,dac1c638c04cf93b43211376c741c024c1d9e5e28411c1be8ef1eb669fec214f
vaspml/src/libvaspml/ScaLapack.hpp,ml_cpp,23476,608,c4f057b14ba73e9cc21797a10baade4bb3290aa586303fbe00bb764efdb4314a
vaspml/src/libvaspml/SemanticVersion.cpp,ml_cpp,8247,300,73d1e153c653537e85e956ea6a515804e7287f91bba306763e02af875b516698
vaspml/src/libvaspml/SemanticVersion.hpp,ml_cpp,2292,59,e66f9b33f02dfeeca7f64ab6d21518155bf82dccdee93f0ccfdd01aff34350b7
vaspml/src/libvaspml/ShmemArray.hpp,ml_cpp,34198,843,d1d9038777b80a55ac05ce0033120df31388842e45ece5b4bb997ced512fb071
vaspml/src/libvaspml/SmartEnum.hpp,ml_cpp,3772,120,dbce715d2249d820356d25228f98c1a98fbd829e32a9f3a5de470fe940f84e54
vaspml/src/libvaspml/SphericalHarmonics.cpp,ml_cpp,12844,347,6c06d7313f58c9f2d43a5fde9e6e6ddd1f91be051ba9ba6a0c13419c84b3a30e
vaspml/src/libvaspml/SphericalHarmonics.hpp,ml_cpp,7797,163,cbde07f0df743c04ad42eb373552647247148f254cdd88b35e56b53983a65f4e
vaspml/src/libvaspml/SpillingFactor.cpp,ml_cpp,10668,291,f1d437ee08d5e73c287d73f1a541464b0ed4519480fc2add3ceb0eb65b04f63a
vaspml/src/libvaspml/SpillingFactor.hpp,ml_cpp,12368,198,9afcb83c0c48c6ddb6202ba8fdf75dc0f27a63f671c61d7cd2cf87d74d594854
vaspml/src/libvaspml/Structure.cpp,ml_cpp,9066,318,9463c66e19639542fe1da20374b3a103ece4678de6eae5892364c7532ed43946
vaspml/src/libvaspml/Structure.hpp,ml_cpp,6585,174,492dcacb0253eca3eff4dde3228c833095f4b8741d611c7e0d7172f351f57ea9
vaspml/src/libvaspml/TagTranslator.cpp,ml_cpp,7200,160,c05a6aa5c0199e7e3f1039e258c6386ffbb083101ffb0e3b64765190e2a2c511
vaspml/src/libvaspml/TagTranslator.hpp,ml_cpp,7314,143,204726516119dc0318f0804082f7cd24db799408d3c8a43a12655ec8ac0802c5
vaspml/src/libvaspml/ThermodynamicIntegration.cpp,ml_cpp,1647,49,8bbb6d9429174cb7cab6f52bbbf33aa2547ac5f5219ce72e3ae9e3ba900c11f1
vaspml/src/libvaspml/ThermodynamicIntegration.hpp,ml_cpp,1473,55,da4b421ee7e166523afff5aed4bb31988d84131de725ec897bb9cb8c53c25828
vaspml/src/libvaspml/Timer.cpp,ml_cpp,2976,95,7b6ed3ac09ba50fda3a72ac8ac565c6ab017d359551c24aa40ce070b7d21bb70
vaspml/src/libvaspml/Timer.hpp,ml_cpp,3644,107,25d853b15b58d6bf62984e02e6a8ca738b507590d16386eb526dd8f5f4072358
vaspml/src/libvaspml/Tutor.cpp,ml_cpp,623,34,de9418c2dc9c1c2c6324ac40bdd017480c3ffd30a63396ed47d0993cd95ba0f0
vaspml/src/libvaspml/Tutor.hpp,ml_cpp,2688,77,5f970fef38478fd89eaa57adf514b659f3982eafc754add1e9692b360c66ad23
vaspml/src/libvaspml/TypeMap.cpp,ml_cpp,3739,149,b890de64029e6c364ce8dc720d3a9a0a0c33edd1eb1ba9392c2defe040508c23
vaspml/src/libvaspml/TypeMap.hpp,ml_cpp,8792,159,124236c332142fff8a89b1cb1cf1fe76d7528e465c9a58da13c76eafcba2d131
vaspml/src/libvaspml/constants.hpp,ml_cpp,1376,45,d49df16c913d0bc4bc73537b60e3a905344c2a3c2c2d80773637ff1340c3fc99
vaspml/src/libvaspml/cubic_spline.hpp,ml_cpp,10854,347,67dd691f38686c0bb6bdbe27fe4d6a6f09e856d6e553fc51378f1f340567926e
vaspml/src/libvaspml/cutoff.cpp,ml_cpp,7927,243,892d76ea4e89e59c3964865ad69c3492b2add3dbadc43d35de9e7071b83c4945
vaspml/src/libvaspml/cutoff.hpp,ml_cpp,2925,108,b8782bc8b4c8dab70c1b62a5e87db41d8e8f4ec77c6ed96bea8fc1631bfe2505
vaspml/src/libvaspml/debug.hpp,ml_cpp,383,22,5adc009fe48e0f304b014ee47247f133a9c3e5d865c3866b78d18df454d6faca
vaspml/src/libvaspml/io.cpp,ml_cpp,10882,271,fbc59b577f7b9cf534d1ecef1e1f221063cf75fc625e6426b4029a1c2c26c893
vaspml/src/libvaspml/io.hpp,ml_cpp,2099,69,a64dda89bdaae774bd510de5b2020ef4306d8633d568f1b5ab9697a0283b60ac
vaspml/src/libvaspml/makefile,ml_cpp,2749,88,3f8bbcd7a26fb4d7608557d183f90c64cc1343df7153bd39c26e39fb0d7911a8
vaspml/src/libvaspml/math.cpp,ml_cpp,17935,550,af8d73b1d4316e6ff236fed44b651590b20cd18ff497400165382c8e55fe5057
vaspml/src/libvaspml/math.hpp,ml_cpp,36679,963,ec9410125d7ab9d04cbcc7ee0238661300acc722621f7c970dea7646c57cfb5e
vaspml/src/libvaspml/nearest_neighbor.cpp,ml_cpp,25733,700,25fd8b9cbf315d49ddcbc88d1c6bda78a1cdf01882c20adc9fcaa6f2474c8bbc
vaspml/src/libvaspml/nearest_neighbor.hpp,ml_cpp,20570,475,9bdfae93252e9230612779ea74f412afa7569c8eac66b56ae785934e731e2028
vaspml/src/libvaspml/scalapackInterface.hpp,ml_cpp,20677,352,06052e606bfbcc804ece8b1f1fd8c7aa76ac82a133cfc3a7a79f36581ea8e63a
vaspml/src/libvaspml/types.hpp,ml_cpp,8641,232,bf93ba3a304becb2efefb51ec6749f3ba9d9a2d748689379b4d67954992a4b4f
vaspml/src/libvaspml/utils.cpp,ml_cpp,4407,171,86b79b6b79226e0f6f0135d33e37b5db4f2e4099dcf3e0e8039d5baf26f409a0
vaspml/src/libvaspml/utils.hpp,ml_cpp,18360,511,61e2b64ed88e6fcd4bddf6522a4bded0ab81416d7449a27cf490f5ca6290f84a
vaspml/test/build/.gitignore,ml_cpp,0,0,e3b0c44298fc1c149afbf4c8996fb92427ae41e4649b934ca495991b7852b855
vaspml/test/cov-html/.gitignore,ml_cpp,0,0,e3b0c44298fc1c149afbf4c8996fb92427ae41e4649b934ca495991b7852b855
vaspml/test/cov-xml/.gitignore,ml_cpp,0,0,e3b0c44298fc1c149afbf4c8996fb92427ae41e4649b934ca495991b7852b855
vaspml/test/include/.gitignore,ml_cpp,0,0,e3b0c44298fc1c149afbf4c8996fb92427ae41e4649b934ca495991b7852b855
vaspml/test/lib/.gitignore,ml_cpp,0,0,e3b0c44298fc1c149afbf4c8996fb92427ae41e4649b934ca495991b7852b855
vaspml/test/makefile,ml_cpp,2050,67,590e0e172eb354603b7539080a71b5211b3a741ec928aaed02fc785eb3c0d618
vaspml/test/src/common/Fixture.cpp,ml_cpp,214,10,630d258850e239c3d7c7158987be6468185153f3ec46a8fb8d44ef980e38d057
vaspml/test/src/common/Fixture.hpp,ml_cpp,175,16,565de8deb0cb1320f48309fc046e0ac2c9159245d485f901bccd833853d34aee
vaspml/test/src/common/FixtureNeighborList.cpp,ml_cpp,640,18,9574f8f122226be3175a154450054746272ad589382114806af39da0249dd119
vaspml/test/src/common/FixtureNeighborList.hpp,ml_cpp,808,39,81fbd7636aae1c2fc9f8d065aa8534c1b9d5d4118cd62c80077128fdc1810de7
vaspml/test/src/common/FixtureStructure.cpp,ml_cpp,466,18,00930fae7181827084cb7f8a3f36ac114a19efbbcb3558f9d34d691843859bb5
vaspml/test/src/common/FixtureStructure.hpp,ml_cpp,559,35,105b90d883472cb3e127b06eef2ba9ad1bdf38cabf07b8bd4b109311101d317b
vaspml/test/src/common/SampleNeighborList.cpp,ml_cpp,532,14,58da7382fe889c8c3a2085aeffe2bc488a0365bdc0c5e188fae9e8003f149848
vaspml/test/src/common/SampleNeighborList.hpp,ml_cpp,674,29,aa09369a552347cb253c47f09838845a7eb1d2fc282c12f2ed1f92e32e492d97
vaspml/test/src/common/SampleStructure.cpp,ml_cpp,12695,351,6e83618e872647378270a041145741950ef95712cfda8ae37a499c6e582f81c9
vaspml/test/src/common/SampleStructure.hpp,ml_cpp,660,28,aaf0db9ec526715db089d4ce5ab6c60f0c4effaca406276ae7fec8d4e85c76fa
vaspml/test/src/common/TestCase.cpp,ml_cpp,258,13,3fb9afd55f8ab65e75b91d345710882dd8e684950077088dce18dbe36495fc54
vaspml/test/src/common/TestCase.hpp,ml_cpp,286,21,9816e74d53c87d8a372ecdf60467e9464569d27656bed8c89256d6cb1cc900f6
vaspml/test/src/common/TestCaseContainer.hpp,ml_cpp,276,21,fdd8a4879bf6ea20f7c22ff72f4bc58e8963be930a974816ac28826658e184e7
vaspml/test/src/common/TestCaseFunction1D.cpp,ml_cpp,208,9,83cba3e3829cd5ffb29692af0639c5507d701c16f5d92c7464e3d0f6da148784
vaspml/test/src/common/TestCaseFunction1D.hpp,ml_cpp,921,39,85fcba05290ca38fe9f92811742636314d9ff86f4569bde6cc3904e5489ca66f
vaspml/test/src/common/TestCaseSphericalHarmonics.hpp,ml_cpp,253026,3914,bbe440945f05e6ffc1fede57aa5718ab5cec685717d59b04178b27bf9f86f696
vaspml/test/src/common/boost_helpers.hpp,ml_cpp,17786,240,0077b5566c5ded4cefc55ab415f9e139b5694e3a66c35d335177d4614bd93422
vaspml/test/src/common/makefile,ml_cpp,2882,89,69063b9e96d8e7d9bed84a7e603d8ecd370abbef8a942d290951eb24133b301f
vaspml/test/src/libvaspml/TestCase_BasisFunctionsRadialSpline.hpp,ml_cpp,3013,96,b03648233f12121494a645256a0d29d33893281c9ff6995f7cb3e08215e3f625
vaspml/test/src/libvaspml/TestCase_DescriptorSHS2.hpp,ml_cpp,364613,6018,6059f9bde2b10af558b1f1abe7c99366045dc3b95d35f1dd5ffdf4f70d37be1a
vaspml/test/src/libvaspml/TestCase_DescriptorSHS3.hpp,ml_cpp,635989,15313,47db84e453c88814319840f8c9f2fa72c387248a8ed3270b785c62224511509e
vaspml/test/src/libvaspml/TestCase_DescriptorSHS3ReducedLinElem.hpp,ml_cpp,13422,347,39b35435cc1641bb7f4e088df819848f0a8a48589f0a15b5cc8fe2b2f8414e16
vaspml/test/src/libvaspml/TestCase_Linalg.hpp,ml_cpp,5801,242,d61df3c6f2edb35b926da7dee88aa7044ed645b96ef97a7433e2a7d2003b18a4
vaspml/test/src/libvaspml/TestCase_NeighborList.hpp,ml_cpp,54733,231,4e82ba3fabe2c83a6a4e873e6ae1167bd04e54875aa7ebc5d0d5c7191b5f4a61
vaspml/test/src/libvaspml/TestCase_cutoff.hpp,ml_cpp,7929,119,66b5d53ee6822b713768a890c33a9f7f3be50855f44ce5700d9129f8f3a7a83c
vaspml/test/src/libvaspml/TestCase_math.hpp,ml_cpp,161721,1903,f2768de234f550aa4739ffb192815398535585bfd0ddd7b4523e4d260aae2b4d
vaspml/test/src/libvaspml/makefile,ml_cpp,3183,99,5040868cc5bde4a48d59447949a3d08f5654965a22412622f56398f0c1f50aca
vaspml/test/src/libvaspml/test_BasisFunctionsRadialSpline.cpp,ml_cpp,1673,61,6ee2a9ea0aed3674b3b7ac94e8f82e3f47b82f1237f4be3c748abd0d199fa380
vaspml/test/src/libvaspml/test_DescriptorSHS2.cpp,ml_cpp,2039,60,cdca1141f133b15a67dec0f5564a9e8c1b7e14257eac111db93d836b5706fc46
vaspml/test/src/libvaspml/test_DescriptorSHS3.cpp,ml_cpp,4459,117,7b5c89295ab2907b432f02ddf3cb106496a9304c8f59567d9a4467250b7fb664
vaspml/test/src/libvaspml/test_DescriptorSHS3ReducedLinElem.cpp,ml_cpp,2074,60,3ad298d290633b5114c909f1803cd04d9255fd9cae5f3193a0611c8261c6ee23
vaspml/test/src/libvaspml/test_Lattice.cpp,ml_cpp,1277,48,d47978bceae6e7cb9183c3466ff5ca4555d5914d31b2dcb1be17fadbdc18c601
vaspml/test/src/libvaspml/test_Linalg.cpp,ml_cpp,3010,81,2193154c2fd64eafb8e16813b3180a669d5b7eab4ce44a51dd4f5f08a69ad5b3
vaspml/test/src/libvaspml/test_MultiType.cpp,ml_cpp,6766,168,3721d51a7392e29e35a8dfc346e6c3386d31b4b63569657722512745c4275fe6
vaspml/test/src/libvaspml/test_NeighborList.cpp,ml_cpp,3649,90,d2312a97fd08358545678caf9e9ce3330c85161b0af6a1a012ed69040721bae8
vaspml/test/src/libvaspml/test_SemanticVersion.cpp,ml_cpp,10551,277,a0ce06ca63e72320ce649875901dd6ea648d2e3ed69e6aff9f5690285cf1dc89
vaspml/test/src/libvaspml/test_SmartEnum.cpp,ml_cpp,4645,118,64943e5463829e41d97cdffe0df7e43fdf93c69bc00da0c76aadcc418dc8ad34
vaspml/test/src/libvaspml/test_SphericalHarmonics.cpp,ml_cpp,35269,620,1e59439b8a797bb2818dc6a91fe8e5abba8fc262e8eb437c97cbe4d5e6b66a26
vaspml/test/src/libvaspml/test_Tutor.cpp,ml_cpp,836,39,23369634daeca6522b887c6e06778aacc5b37b319528d426a4281aa7eaa3687d
vaspml/test/src/libvaspml/test_TypeMap.cpp,ml_cpp,2293,70,e9f790744e75bd6552e6311ff7bdc906e973e9e24f067a52238e7a8615575dcb
vaspml/test/src/libvaspml/test_cutoff.cpp,ml_cpp,1672,51,cd49400ed6795587e891d2ac01d6d8e6b82a20a3c66c842e7938fb989e2bfcb2
vaspml/test/src/libvaspml/test_io_ML_FF.cpp,ml_cpp,13287,383,9c92b02f17fc3236eb0c7906854b88100efa2ee14c513169e8ea29f60d2e4bed
vaspml/test/src/libvaspml/test_math.cpp,ml_cpp,8291,200,894eae9d558fc3ffb5e18e4892c479a0a546757b82851c8d6807f3ef39823c22
vaspml/test/src/libvaspml/test_utils.cpp,ml_cpp,2660,67,7f9005ea6672e153bf0261c863468b62c79f2e7b7a48802fe50af78570f86522
vaspml/test/tools/create-test-data-clebschGordan.py,ml_cpp,1535,37,bcc19b3495a07df9303bd5e63a2190ae0c63568bc38a081627746fffb30e7636
vaspml/test/tools/create-test-data-functions.py,ml_cpp,9305,172,fe363390402e9a3b39dbfaaca0b1decc52e62643c0f9a53d2ebbd154151662aa
vaspml/test/tools/create-test-data-sphericalHarmonics.py,ml_cpp,4600,114,fa128da8bb175716ff4550fdb131251b5f11078e6ae25e616630c008a26e3d28
vaspml.F,ml_cpp,26869,541,ea111b53f9951c168bc095651d2fc5e23fe219d2630ab011df1b50e254dbce91
vdw_nl.F,nonlocal_interactions,93025,2908,5da990ea52b50b411beb82f1fe9a98c4c40ed8b7dacf914e027d941b91677bdc
vdwforcefield.F,nonlocal_interactions,495029,12345,dca547cdefd91786c63d8da4aa4db201e20cedece1810c61e7ddd9c553afc3dd
vdwforcefield_glb.F,nonlocal_interactions,36788,711,ee791ac9afa084ec4ed1432fbe37cb0de0a24e2001041a71dac33f0966e4a350
version.F,execution,1212,36,0ebb7e6c7c8ae422be69a765edbc2dbb6eac6c42bcbe4705384167ccc0abdec1
vhdf5.F,io,135163,2941,75abbcacc920c1d7737e2eb2226485135de55f949fbc4ab6e39b4fa46580c33f
vhdf5_base.F,io,121585,2724,12397b9e5481d0be3c5e1dd7d618693ae14371c1f19d3c2cd127a9c66775ad53
wannier.F,localized,75563,2407,1e71efd9bd698a7d9376e2b599a45648876372c26991719f553cf6a3775dbb6f
wannier_interpol.F,localized,36099,965,cb68cbc7b1d08430b2b3e33b9467450926a96ee1f02c1dd0d44d9856c23e6322
wannier_mats.F,localized,49536,1206,ce8e338c881ee7d260c3f81353934008b20e3ed65db974ee8b9514b6bb3f16db
wap.F,localized,112902,3449,f2d779e8c965b71d76b3d5259e0e0736b2e56fb8d72390f685c0e0db5d44ad26
wave.F,representation,134507,3945,d3483c4ea5f4edf1ee2b704f32792a38efdb2077bd8a364b59b5dc311255e992
wave_cacher.F,representation,73495,2046,666c65f60dc4f6a5782cda5b77b5776240f272ab1b3207e02ccae4727c2c3856
wave_high.F,representation,159386,5126,bdc0a18c7a2b7fd2103fc2cee28b9e9645504f8d6f27b5bcc335eec2deb808c2
wave_interpolate.F,representation,38581,947,c0abdc2134a76aae3e28f1022068a7717267cdca644e649521b8d37d29c59a21
wave_mpi.F,representation,45586,1577,dcf5eec80c646bf0e1eaf256433e0e14dbd59a692d5a7d3e9fa1c3c56e132128
wave_rotator.F,representation,32147,739,3c907493502d1cd6af79217049df53ed42bc63fff8f256281b6b6874f5d4b105
wave_struct.F,representation,17612,257,b168dc581b1f56e692eb70e51005bd5758b0e567d3205cf4e20fed4c2101fb89
wave_window.F,representation,38808,834,2e310173225a53a0a6b738a9dbf1f573b7276b427f450ea0df64eb9d0ccb4a9f
wavpre.F,representation,28272,788,b5c314f49bb7a150638cada9b22634cf16c636cbc58999f80d80843e38b9b368
wavpre_noio.F,representation,38201,1092,d623d436935c798eab00d746a239c454e114b984dec4b4eaa84b393ba686f5b2
wpbe.F,nonlocal_interactions,38654,1075,84704bb71bff845133d0a9c1b390a11a6c450cffa93b3daa3105af417b93aef7
wpot.F,many_body,65856,1614,46a9cda15b48a12c4c82b6ce39016787100d9698406d7d8d243f3256966111f1
writer.F,io,20401,631,cad9884228f374ef013c1afb46df2eb684c41d24f5d8ca713c3153e41ea79557
xc_driver.F,xc,92352,2481,1139e4899208c5d19a95ba1598a835390d56e93ffbf3b57db0c3757d96577ccd
xml.F,io,76076,2367,e16c7bacf07f68f9deefc494f88fa9e584f70b90c71a180d72aea6fd4f6bc906
xml_writer.F,io,12900,272,e4f0b8805aecb776715ba9de26efc560949b0e9dc9aa3f9453cf44ac173e74e3
zgemmtest.F,numerics,8047,286,fd6ae622a8c59923fa7488e1ddb53726b5970c0c009a43a056a6501587fb647e
